{"vertices":[-0.101283,-0.342638,0.57735,0.342638,-0.101283,0.57735,0.101283,0.342638,0.57735,-0.342638,0.101283,0.57735,-0.528925,-0.287572,0.313899,0.186288,-0.630209,-0.170663,0.101283,-0.342638,-0.57735,0.528925,-0.287572,-0.313899,0.630209,0.186288,-0.170663,0.342638,0.101283,-0.57735,0.287572,0.528925,-0.313899,-0.630209,0.186288,0.170663,0.528925,0.287572,0.313899,0.186288,0.630209,0.170663,-0.186288,-0.630209,0.170663,-0.287572,-0.528925,-0.313899,0.287572,-0.528925,0.313899,-0.186288,0.630209,-0.170663,-0.528925,0.287572,-0.313899,0.630209,-0.186288,0.170663,-0.630209,-0.186288,-0.170663,-0.342638,-0.101283,-0.57735,-0.101283,0.342638,-0.57735,-0.287572,0.528925,0.313899],"faces":[[2,3,0,1],[0,3,4],[5,6,7],[8,9,10],[3,11,4],[2,12,13],[5,14,15],[0,14,16],[14,5,16],[11,23,17,18],[7,8,19],[4,11,20],[21,6,15],[6,5,15],[14,0,4],[16,5,7,19],[1,0,16],[8,7,9],[4,20,15,14],[21,18,22],[8,10,13,12],[2,1,12],[21,20,18],[20,11,18],[1,16,19],[7,6,9],[21,22,9,6],[11,3,23],[3,2,23],[17,23,13],[23,2,13],[20,21,15],[18,17,22],[17,10,22],[8,12,19],[12,1,19],[17,13,10],[10,9,22]]}