{"vertices":[0.607062,0,0.794655,0.187592,0.57735,0.794655,-0.491123,0.356822,0.794655,-0.794654,0.57735,0.187592,-0.303531,0.934172,-0.187592,-0.982247,1.20291e-16,-0.187592,0.794654,-0.57735,-0.187592,0.794654,0.57735,-0.187592,0.982247,0,0.187592,0.187592,-0.57735,0.794655,0.491123,0.356822,-0.794655,-0.303531,-0.934172,-0.187592,-0.794654,-0.57735,0.187592,0.303531,-0.934172,0.187592,-0.491123,-0.356822,0.794655,-0.607062,7.43436e-17,-0.794655,-0.187592,0.57735,-0.794655,0.303531,0.934172,0.187592,0.491123,-0.356822,-0.794655,-0.187592,-0.57735,-0.794655],"faces":[[2,14,9,0,1],[4,16,15,5,3],[4,17,7,10,16],[13,9,14,12,11],[3,2,1,17,4],[7,8,6,18,10],[8,0,9,13,6],[1,0,8,7,17],[2,3,5,12,14],[15,16,10,18,19],[6,13,11,19,18],[19,11,12,5,15]]}