{"vertices":[2.08167e-17,0,0.794655,-0.219637,0.675973,0.35538,-0.71076,4.16334e-17,0.35538,-0.575017,0.417774,-0.35538,0.219637,0.675973,-0.35538,0.71076,0,-0.35538,0.575017,0.417774,0.35538,-2.08167e-17,1.38778e-17,-0.794655,-0.575017,-0.417774,-0.35538,0.219637,-0.675973,-0.35538,-0.219637,-0.675973,0.35538,0.575017,-0.417774,0.35538],"faces":[[0,1,2],[1,3,2],[1,4,3],[5,4,6],[3,4,7],[8,9,10],[0,11,6],[0,2,10],[9,8,7],[8,3,7],[11,9,5],[11,5,6],[3,8,2],[2,8,10],[9,11,10],[11,0,10],[9,7,5],[7,4,5],[4,1,6],[1,0,6]]}