{"vertices":[-0.314363,0.13275,0.794655,-0.223396,-0.257955,0.794655,0.176296,-0.292175,0.794655,-0.0996984,-0.79342,-0.329344,0.0499403,-0.583289,-0.636555,0.191974,-0.841243,-0.0581144,-0.570173,-0.13275,0.636555,-0.434094,-0.501245,0.555193,0.332354,0.0773805,0.794655,-0.332354,0.0773805,-0.794655,-0.383251,0.442537,-0.636555,-0.0291095,0.339999,-0.794655,-0.539308,-0.227742,-0.636555,-0.645814,0.150361,-0.555193,0.0291095,0.339999,0.794655,-0.176296,-0.292175,-0.794655,0.223396,-0.257955,-0.794655,-0.521875,-0.660669,0.197696,-0.740747,-0.442537,-0.0581144,-0.467066,-0.700491,-0.197696,-0.859393,-0.0773805,0.0581144,-0.810538,0.227742,-0.197696,-0.785396,-0.150361,-0.329344,-0.723778,-0.339999,0.329344,0.547018,0.583289,-0.329344,0.610854,0.257955,-0.555193,0.302446,0.501245,-0.636555,-0.302446,0.501245,0.636555,-0.610854,0.257955,0.555193,0.383251,0.442537,0.636555,-0.33916,0.79342,0.0581144,-0.649781,0.567741,-0.0581144,-0.547018,0.583289,0.329344,0.649781,0.567741,0.0581144,0.645814,0.150361,0.555193,0.810538,0.227742,0.197696,-0.0499403,-0.583289,0.636555,0.0996984,-0.79342,0.329344,0.467066,-0.700491,0.197696,0.385703,0.700491,0.329344,0.0565649,0.660669,0.555193,-0.385703,0.700491,-0.329344,-0.789602,0.292175,0.197696,0.0338745,0.841244,0.197696,0.570173,-0.13275,-0.636555,0.314363,0.13275,-0.794655,0.434094,-0.501245,-0.555193,-0.191974,-0.841243,0.0581144,0.859393,-0.0773805,-0.0581144,0.740747,-0.442537,0.0581144,0.723778,-0.339999,-0.329344,-0.342569,-0.567741,-0.555193,0.342569,-0.567741,0.555193,-0.0565649,0.660669,-0.555193,-0.0338745,0.841244,-0.197696,0.33916,0.79342,-0.0581144,0.785396,-0.150361,0.329344,0.539308,-0.227742,0.636555,0.789602,0.292175,-0.197696,0.521875,-0.660669,-0.197696],"faces":[[8,14,0,1,2],[46,59,5,3,4],[1,6,7],[9,10,11],[9,12,13],[4,15,16],[17,18,19],[20,21,22],[20,18,23],[1,0,6],[24,25,26],[0,27,28],[12,51,19,18,22],[8,29,14],[13,12,22],[30,31,32],[41,10,13,21,31],[39,29,34,35,33],[1,7,36],[18,17,23],[37,5,38],[29,39,40],[30,41,31],[21,20,42],[30,32,27,40,43],[25,44,45],[9,13,10],[21,13,22],[12,9,15],[48,50,44,25,58],[3,5,47],[48,49,50],[12,15,51],[17,7,23],[2,36,52],[5,37,47],[27,0,14],[27,14,40],[14,29,40],[40,39,43],[55,24,26,53,54],[48,35,56],[10,53,11],[21,42,31],[30,54,41],[54,53,41],[52,37,38],[45,16,15,9,11],[57,52,38,49,56],[15,4,51],[4,3,51],[29,8,34],[35,34,56],[7,6,23],[6,28,42,20,23],[36,37,52],[2,1,36],[36,7,17,47,37],[2,52,57],[54,43,55],[54,30,43],[33,24,55],[25,45,26],[33,35,58],[49,48,56],[18,20,22],[6,0,28],[42,28,32],[31,42,32],[41,53,10],[45,44,16],[4,16,46],[16,44,46],[51,3,19],[17,19,47],[19,3,47],[49,38,59],[34,8,57],[8,2,57],[43,39,55],[39,33,55],[35,48,58],[28,27,32],[45,11,26],[11,53,26],[38,5,59],[46,44,50],[34,57,56],[25,24,58],[24,33,58],[46,50,59],[50,49,59]]}