{"vertices":[-0.491123,0,0.794655,-0.151765,-0.467086,0.794655,0.397327,-0.288675,0.794655,0,-0.934172,0,0.151765,-0.467086,-0.794655,0.549092,-0.755761,0,-0.549092,-0.755761,0,-0.642888,-0.467086,0.491123,0.397327,0.288675,0.794655,-0.397327,0.288675,-0.794655,-0.397327,-0.288675,-0.794655,0.245561,-0.755761,0.491124,-0.245561,-0.755761,-0.491124,0,0.934172,0,0.151765,0.467086,-0.794655,-0.245561,0.755761,-0.491124,0.549092,0.755761,0,-0.794655,9.73173e-17,-0.491123,-0.888451,-0.288675,0,-0.888451,0.288675,0,0.888451,-0.288675,0,0.491123,0,-0.794655,0.888451,0.288675,0,-0.549092,0.755761,0,-0.642888,0.467086,0.491124,0.794655,0,0.491124,0.642888,0.467086,-0.491124,-0.151765,0.467086,0.794655,0.642888,-0.467086,-0.491124,0.245561,0.755761,0.491123],"faces":[[8,27,0,1,2],[4,28,5,3,12],[3,11,1,7,6],[14,21,4,10,9],[1,0,7],[16,26,14,15,13],[9,10,17],[0,24,19,18,7],[21,26,22,20,28],[2,1,11],[17,10,12,6,18],[13,15,23],[23,19,24],[25,2,11,5,20],[18,19,17],[23,15,9,17,19],[10,4,12],[14,9,15],[25,22,16,29,8],[8,2,25],[25,20,22],[18,6,7],[3,6,12],[27,8,29],[3,5,11],[28,4,21],[20,5,28],[14,26,21],[26,16,22],[27,29,13,23,24],[16,13,29],[0,27,24]]}