{"vertices":[-0.491123,0.356822,1.47337,-0.491123,-0.356822,1.47337,0.187592,-0.57735,1.47337,-0.115939,-1.51152,-0.491123,0.115939,-1.51152,0.491123,-0.491123,-1.51152,0.115939,-1.28578,0.934172,-0.115939,-0.982246,1.1547,0.491123,-0.491123,1.51152,0.115939,0.607062,4.74121e-18,1.47337,-1.58931,1.43997e-16,0.115939,-1.47337,0.356822,-0.491123,-1.47337,-0.356822,-0.491123,-1.09819,-0.356822,-1.09819,-0.794654,-1.29099,-0.491123,-1.28578,-0.934172,-0.115939,0.187592,0.57735,1.47337,1.09819,0.356822,1.09819,-0.187592,0.57735,-1.47337,-1.09819,0.356822,-1.09819,-0.678715,0.934172,-1.09819,3.58004e-07,1.1547,-1.09819,-0.115939,1.51152,-0.491123,0.491123,1.51152,-0.115939,-0.607062,9.80496e-17,-1.47337,-0.187592,-0.57735,-1.47337,1.28578,0.934172,0.115939,1.40172,0.57735,-0.491123,0.982246,1.1547,-0.491123,-0.678715,-0.934172,1.09819,-3.58004e-07,-1.1547,1.09819,-1.40172,-0.57735,0.491123,-0.982246,-1.1547,0.491123,-0.678715,-0.934172,-1.09819,3.58004e-07,-1.1547,-1.09819,1.09818,-0.356822,-1.09819,1.09818,0.356822,-1.09819,1.58931,4.74122e-18,-0.115939,0.678715,-0.934172,1.09819,0.678715,0.934172,-1.09819,-0.678715,0.934172,1.09819,-3.58004e-07,1.1547,1.09819,0.678715,0.934172,1.09819,0.115939,1.51152,0.491123,-1.09818,0.356822,1.09819,-1.40172,0.57735,0.491123,1.47337,0.356822,0.491123,-1.09818,-0.356822,1.09819,0.678715,-0.934172,-1.09819,0.491123,-0.356822,-1.47337,0.794654,1.29099,0.491123,0.794654,-1.29099,0.491123,1.09819,-0.356822,1.09819,-0.794654,1.29099,-0.491123,0.491123,0.356822,-1.47337,1.47337,-0.356822,0.491123,1.28578,-0.934172,0.115939,0.491123,-1.51152,-0.115939,0.982246,-1.1547,-0.491123,1.40172,-0.57735,-0.491123],"faces":[[9,16,0,1,2],[3,57,4,5],[8,53,6,7],[10,11,12],[15,12,13,33,14],[17,42,16,9],[18,24,19,20],[3,5,14],[23,28,39,21,22],[25,33,13,24],[26,27,28],[2,1,29,30],[29,47,31,32],[3,14,33,34],[37,59,35,36,27],[2,30,38],[27,36,39,28],[16,41,40,0],[42,50,43,41],[1,47,29],[0,44,47,1],[4,51,38,30],[48,34,25,49],[5,4,30,29,32],[20,53,22,21],[39,54,18,21],[17,46,26,50,42],[41,43,8,7,40],[0,40,44],[53,20,19,11,6],[19,24,13],[47,44,45,10,31],[33,25,34],[22,53,8],[54,39,36],[35,49,54,36],[35,48,49],[54,49,25,24,18],[41,16,42],[26,28,23,50],[45,44,40,7],[21,18,20],[52,38,51,56,55],[52,9,2,38],[51,4,57],[57,3,34,48,58],[27,26,46,37],[59,37,55,56],[50,23,43],[22,8,43,23],[45,6,11,10],[31,10,12,15],[11,19,13,12],[58,59,56],[55,46,17,52],[7,6,45],[32,31,15],[37,46,55],[5,32,15,14],[17,9,52],[48,35,59,58],[57,58,56,51]]}