{"vertices":[0.298142,0,0.815738,0.596285,0,0.631476,0.688416,0.28355,0.447214,0.482405,-0.350487,-0.631476,0.241202,-0.175244,-0.815738,0.482405,0.350487,-0.631476,0.184262,0.567101,0.631476,-0.482405,0.350487,0.631476,-0.241202,0.175244,0.815738,-0.298142,3.6512e-17,-0.815738,-0.688415,0.283551,-0.447214,-0.184262,0.567101,-0.631476,-0.0921307,-0.850651,-0.149071,0.0569402,-0.742344,-0.447214,0.574535,-0.634038,-0.149071,-0.390273,0.634038,0.447214,-0.390273,-0.634038,0.447214,-0.574535,-0.634038,0.149071,-0.0569402,-0.742344,0.447214,0.837487,-0.175244,0.149071,0.837487,0.175244,0.149071,0.723607,-0.175244,-0.447214,0.780547,-0.350487,-0.149072,0.092131,0.28355,0.815738,0.390273,-0.634038,-0.447214,-0.837487,-0.175244,-0.149071,-0.688416,-0.28355,-0.447214,0.184262,-0.567101,0.631476,0.688416,-0.28355,0.447214,0.425464,-0.742344,0.149072,-0.092131,-0.28355,-0.815738,-0.184262,-0.567101,-0.631476,0.0921311,-0.850651,0.149072,-0.482404,0.567101,-0.447214,-0.574536,0.634038,0.149072,-0.0921311,0.850651,-0.149072,0.0569406,0.742344,-0.447214,-0.0569402,0.742344,0.447214,0.0921307,0.850651,0.149071,-0.723607,0.175244,0.447214,-0.780547,0.350487,0.149071,-0.723607,-0.175244,0.447214,-0.482405,-0.5671,-0.447214,-0.425464,-0.742344,-0.149072,0.241202,0.175244,-0.815738,0.092131,-0.28355,0.815738,-0.241202,-0.175244,0.815738,0.482405,-0.5671,0.447214,0.425464,0.742344,0.149072,-0.425465,0.742344,-0.149071,-0.482405,-0.350487,0.631476,-0.780547,-0.350487,0.149072,-0.837487,0.175244,-0.149072,0.574535,0.634038,-0.149071,0.780547,0.350487,-0.149072,-0.092131,0.28355,-0.815738,0.390274,0.634038,-0.447214,-0.596285,7.3024e-17,-0.631476,0.723607,0.175244,-0.447214,0.482405,0.5671,0.447214],"faces":[[6,23,0,1,2,59],[5,58,21,3,4,44],[6,37,15,7,8,23],[11,55,9,57,10,33],[2,1,28,19,20],[28,1,0,45,27,47],[18,32,29,47,27],[3,24,13,31,30,4],[17,43,12,32,18,16],[34,40,39,7,15],[33,49,35,36,11],[35,49,34,15,37,38],[43,17,51,25,26,42],[12,13,24,14,29,32],[0,23,8,46,45],[29,14,22,19,28,47],[13,12,43,42,31],[6,59,48,38,37],[51,17,16,50,41],[25,51,41,39,40,52],[40,34,49,33,10,52],[4,30,9,55,44],[44,55,11,36,56,5],[52,10,57,26,25],[24,3,21,22,14],[58,5,56,53,54],[2,20,54,53,48,59],[26,57,9,30,31,42],[50,46,8,7,39,41],[20,19,22,21,58,54],[53,56,36,35,38,48],[27,45,46,50,16,18]]}