{"vertices":[0,0,1,0.894427,0,0.447214,0.276393,0.850651,0.447214,-0.894427,1.09536e-16,-0.447214,-0.276393,-0.850651,-0.447214,-0.723607,-0.525731,0.447214,0.276393,-0.850651,0.447214,0.723607,-0.525731,-0.447214,-0.723607,0.525731,0.447214,0.723607,0.525731,-0.447214,-0.276393,0.850651,-0.447214,0,0,-1],"faces":[[0,1,2],[3,4,5],[1,6,7],[0,2,8],[6,4,7],[1,0,6],[2,9,10],[1,7,9],[0,8,5],[8,10,3],[4,11,7],[7,11,9],[9,11,10],[2,1,9],[10,11,3],[8,2,10],[11,4,3],[8,3,5],[4,6,5],[6,0,5]]}