{"vertices":[0.672678,-0.331986,0.0666667,0.739345,-0.126808,-0.0666667,0.564809,0.410358,0.282405,0.45694,0.331986,0.498143,0.390273,-0.126808,0.631476,0.390274,-0.126807,-0.631476,0.564809,0,-0.498143,0.215738,-0.663973,-0.282405,0.739345,0.126808,-0.0666667,-0.390274,0.126807,0.631476,-0.174536,0.537165,0.498143,-0.215738,0.663973,0.282405,0.45694,-0.331986,0.498143,0.241202,-0.331986,0.631476,-0.215738,-0.663973,0.282405,-0.241202,-0.331986,-0.631476,7.94772e-08,-0.410358,-0.631476,0.174536,-0.537165,-0.498143,-0.107869,0.742344,0.0666667,0.107869,0.742344,-0.0666667,-0.349071,0.663973,0.0666668,0.349071,0.663973,-0.0666668,0.215738,0.663973,-0.282405,0.523607,0.537165,0.0666667,0.698143,0,-0.282405,0.349071,-0.663973,-0.0666668,0.390274,0.126807,-0.631476,0.241202,0.331987,0.631476,-2.76008e-07,0.410358,0.631476,0.564809,-0.410358,0.282405,-0.390273,-0.126808,-0.631476,-0.107869,-0.742344,0.0666667,-0.174536,-0.537165,0.498143,0.672678,0.331986,0.0666667,0.390273,0.126808,0.631476,-0.698143,2.00841e-17,0.282405,-0.349071,-0.663973,0.0666668,0.107869,-0.742344,-0.0666667,-0.523607,-0.537165,-0.0666667,-0.564809,7.67145e-18,0.498143,-0.390274,-0.126808,0.631476,2.76008e-07,0.410358,-0.631476,0.523607,-0.537165,0.0666667,-0.564809,-0.410358,-0.282405,0.174536,0.537165,-0.498143,-0.564809,0.410358,-0.282405,-0.45694,0.331986,-0.498143,-0.739345,0.126808,0.0666667,-0.241202,-0.331987,0.631476,-7.94772e-08,-0.410358,0.631476,-0.45694,-0.331986,-0.498143,-0.672678,0.331986,-0.0666667,-0.739345,-0.126808,0.0666667,-0.672678,-0.331986,-0.0666667,0.241202,-0.331986,-0.631476,-0.241202,0.331987,-0.631476,-0.523607,0.537165,-0.0666667,0.241202,0.331986,-0.631476,-0.241202,0.331986,0.631476,-0.390273,0.126808,-0.631476],"faces":[[12,29,0,1,8,33,2,3,34,4],[1,0,42,25,7,17,54,5,6,24],[30,59,55,41,57,26,5,54,16,15],[22,44,41,55,46,45,56,20,18,19],[21,22,19],[5,26,6],[3,2,23,21,19,18,11,10,28,27],[37,25,42,29,12,13,49,32,14,31],[2,33,23],[8,1,24],[22,21,23,33,8,24,6,26,57,44],[48,32,49],[3,27,34],[36,31,14],[37,31,36,38,43,50,15,16,17,7],[35,47,52],[46,59,30,50,43,53,52,47,51,45],[12,4,13],[37,7,25],[36,14,32,48,40,39,35,52,53,38],[38,53,43],[17,16,54],[35,39,9,58,10,11,20,56,51,47],[41,44,57],[9,40,48,49,13,4,34,27,28,58],[9,39,40],[46,55,59],[56,45,51],[30,15,50],[28,10,58],[0,29,42],[11,18,20]]}