{"vertices":[0.390273,-0.28355,0.631476,-0.149071,-0.458794,0.631476,-0.241202,-0.742344,0.149071,0.149071,0.458794,-0.631476,0.241202,0.742344,-0.149071,0.482405,0,-0.631476,-0.241202,0.742344,0.149071,0.631476,0.458794,0.149071,0.390273,0.28355,0.631476,0.631476,-0.458794,0.149071,0.780547,0,-0.149071,0.241202,-0.742344,-0.149071,-0.149071,0.458794,0.631476,-0.482405,0,0.631476,-0.390273,0.28355,-0.631476,0.149071,-0.458794,-0.631476,-0.390273,-0.28355,-0.631476,-0.631476,-0.458794,-0.149071,-0.780547,2.77556e-17,0.149071,-0.631476,0.458794,-0.149071],"faces":[[9,10,7,8,0],[11,15,5,10,9],[8,12,13,1,0],[8,7,4,6,12],[18,17,2,1,13],[3,5,15,16,14],[19,6,4,3,14],[18,19,14,16,17],[6,19,18,13,12],[9,0,1,2,11],[10,5,3,4,7],[11,2,17,16,15]]}