{"vertices":[0.543773,0.126604,0.607081,0.413994,0.478036,0.529486,0.213053,0.246011,0.757861,-0.615911,-0.1434,0.529486,-0.773009,-0.217197,0.188543,-0.367844,-0.668057,0.314095,0.706449,0.422046,-0.0554232,0.497712,0.630079,0.188543,0.690266,0.324256,0.314095,0.299807,-0.126604,0.757861,-0.74903,0.1434,0.314095,-0.288442,-0.478036,-0.607081,-0.299807,-0.126604,-0.757861,0.027762,-0.324256,-0.757861,0.168133,0.278647,-0.757861,-0.213053,0.246011,-0.757861,-0.514338,0.217197,0.607081,-0.316965,-0.0737976,0.75786,0.582571,-0.246011,0.529486,-0.032306,-0.802293,0.188543,-0.323457,-0.756683,-0.0554233,0.514338,0.217197,-0.607081,0.615911,-0.1434,-0.529486,0.316965,-0.0737976,-0.75786,0.74903,0.1434,-0.314095,0.819602,0.0737977,0.0554232,0.326708,0.541453,-0.529486,0.44544,0.668057,-0.188543,-0.690266,0.324256,-0.314095,-0.543773,0.126604,-0.607081,-0.582571,-0.246011,-0.529486,-0.0539462,-0.630079,0.529486,-0.027762,-0.324256,0.757861,-0.365506,-0.422046,0.607081,-0.413994,0.478036,-0.529486,-0.326708,0.541453,0.529486,-0.168133,0.278647,0.757861,-0.706449,0.422046,0.0554232,-0.819602,0.0737977,-0.0554232,0.288442,-0.478036,0.607081,0.52169,-0.556282,0.314095,-0.095082,0.756683,0.314095,0.095082,0.756683,-0.314095,-0.497712,0.630079,-0.188543,-0.183085,0.802293,-0.0554232,0.365506,-0.422046,-0.607081,0.619695,-0.541454,-0.0554233,0.367844,-0.668057,-0.314095,0.773009,-0.217197,-0.188543,0.0476275,0.556282,0.607081,-0.753042,-0.278647,-0.188543,-0.619695,-0.541454,0.0554233,0.0539462,-0.630079,-0.529486,0.753042,-0.278647,0.188543,-0.0476275,0.556282,-0.607081,-0.44544,0.668057,0.188543,0.323457,-0.756683,0.0554233,0.032306,-0.802293,-0.188543,-0.52169,-0.556282,-0.314095,0.183085,0.802293,0.0554232],"faces":[[0,1,2],[5,33,3,4,51],[6,7,8],[0,2,9],[3,10,4],[11,12,13],[13,12,15,14,23],[16,3,17],[0,9,18],[19,5,20],[21,22,23],[24,6,25],[27,6,24,21,26],[31,32,33],[29,28,34],[35,16,36],[37,28,38],[18,39,40],[41,49,1,7,59],[42,54,34,43,44],[22,45,23],[47,45,22,48,46],[32,17,33],[49,35,36],[37,43,28],[4,50,51],[18,9,39],[28,29,30,50,38],[11,13,52],[24,25,48],[21,24,22],[48,25,53],[28,43,34],[14,15,54],[26,42,27],[10,16,35,55,37],[43,55,44],[3,16,10],[49,41,35],[46,40,56],[57,20,58,11,52],[50,4,38],[29,12,30],[12,11,30],[17,3,33],[16,17,36],[9,32,39],[32,31,39],[22,24,48],[45,47,52],[40,39,31,19,56],[13,45,52],[25,6,8],[46,48,53],[45,13,23],[26,14,54],[26,21,14],[7,6,27],[41,55,35],[4,10,38],[10,37,38],[5,51,20],[19,31,5],[19,57,56],[47,57,52],[57,47,56],[47,46,56],[7,1,8],[1,0,8],[8,0,18,53,25],[14,21,23],[12,29,15],[7,27,59],[27,42,59],[55,41,44],[43,37,55],[2,49,36],[2,1,49],[5,31,33],[51,50,58],[57,19,20],[18,40,53],[40,46,53],[42,26,54],[15,29,34],[41,59,44],[59,42,44],[32,9,2,36,17],[50,30,58],[30,11,58],[15,34,54],[51,58,20]]}