{"vertices":[0.333333,0,0.666667,0.666667,0,0.333333,0.666667,0.333333,0,0.333333,0,-0.666667,4.08215e-17,0.666667,-0.333333,-0.333333,4.08217e-17,0.666667,-0.666667,8.16433e-17,0.333333,-6.12323e-17,-0.333333,0.666667,4.08215e-17,0.666667,0.333333,-0.333333,4.08217e-17,-0.666667,-6.12323e-17,-0.333333,-0.666667,0.666667,-0.333333,0,0.666667,0,-0.333333,2.04108e-17,0.333333,0.666667,-0.333333,0.666667,0,2.04108e-17,0.333333,-0.666667,-1.22465e-16,-0.666667,-0.333333,-0.666667,8.16433e-17,-0.333333,-1.22465e-16,-0.666667,0.333333,-0.333333,-0.666667,0,0.333333,0.666667,0,0.333333,-0.666667,0,-0.666667,-0.333333,0,-0.666667,0.333333,0],"faces":[[8,13,0,1,2,20],[4,20,2,12,3,15],[9,15,3,10],[2,1,11,12],[5,13,8,14,23,6],[17,23,14,4,15,9],[0,13,5,7],[16,19,22,17,9,10],[6,22,19,18,7,5],[3,12,11,21,16,10],[8,20,4,14],[7,18,21,11,1,0],[23,17,22,6],[18,19,16,21]]}