{"vertices":[0.333333,0.333333,0.333333,0.333333,-0.333333,0.333333,0.333333,-0.333333,-0.333333,-0.333333,0.333333,0.333333,-0.333333,-0.333333,0.333333,0.333333,0.333333,-0.333333,-0.333333,-0.333333,-0.333333,-0.333333,0.333333,-0.333333],"faces":[[2,5,0,1],[3,4,1,0],[7,5,2,6],[1,4,6,2],[6,4,3,7],[0,5,7,3]]}