{"vertices":[0.235701,0.902367,0.569034,0.235701,0.569034,0.902367,0.569034,0.235701,0.902367,-0.235701,-0.902367,0.569034,-0.235701,-0.569034,0.902367,-0.569034,-0.902367,0.235701,-0.235701,0.902367,0.569034,-0.235701,0.569034,0.902367,0.902367,0.235701,0.569034,0.235701,-0.902367,-0.569034,0.902367,-0.235701,-0.569034,0.569034,-0.902367,-0.235701,0.569034,0.235701,-0.902367,-0.569034,0.235701,-0.902367,-0.235701,0.569034,-0.902367,0.569034,-0.902367,0.235701,0.902367,-0.569034,0.235701,-0.902367,-0.235701,0.569034,-0.902367,-0.569034,0.235701,-0.902367,0.235701,0.569034,-0.569034,0.902367,0.235701,-0.902367,0.569034,0.235701,-0.569034,0.902367,-0.235701,0.235701,-0.569034,-0.902367,-0.902367,-0.569034,-0.235701,0.902367,0.569034,0.235701,0.569034,0.902367,0.235701,0.235701,0.569034,-0.902367,0.235701,0.902367,-0.569034,0.569034,-0.235701,-0.902367,0.902367,0.235701,-0.569034,-0.569034,0.235701,0.902367,-0.569034,-0.235701,0.902367,-0.569034,-0.902367,-0.235701,-0.235701,-0.902367,-0.569034,-0.902367,-0.235701,-0.569034,-0.569034,-0.235701,-0.902367,-0.235701,0.902367,-0.569034,0.902367,-0.235701,0.569034,0.235701,-0.569034,0.902367,-0.902367,0.235701,-0.569034,0.569034,0.902367,-0.235701,-0.902367,0.569034,-0.235701,0.235701,-0.902367,0.569034,0.569034,-0.235701,0.902367,-0.235701,-0.569034,-0.902367,0.902367,0.569034,-0.235701,0.902367,-0.569034,-0.235701],"faces":[[1,0,6,7],[23,29,10,47,11,9],[11,47,16,15],[4,32,17,18,5,3],[31,7,6,20,21,19],[26,0,1,2,8,25],[41,46,30,12,27,28],[12,30,10,29],[36,45,34,33,24,35],[23,45,36,13,14,27,12,29],[47,10,30,46,25,8,38,16],[19,17,32,31],[39,44,2,1,7,31,32,4],[28,27,14,37],[36,35,40,13],[5,18,24,33],[28,37,22,20,6,0,26,41],[42,21,20,22],[38,44,39,43,15,16],[9,11,15,43,3,5,33,34],[42,22,37,14,13,40],[19,21,42,40,35,24,18,17],[9,34,45,23],[25,46,41,26],[4,3,43,39],[2,44,38,8]]}