{"vertices":[0.707106,0.707106,1.70711,1.70711,0.707106,0.707106,0.707106,1.70711,0.707106,-0.707106,0.707106,1.70711,-1.70711,0.707106,0.707106,-1.70711,-0.707106,0.707106,-0.707106,-1.70711,0.707106,0.707106,-1.70711,0.707106,0.707106,-0.707106,1.70711,-0.707106,1.70711,-0.707106,-0.707106,0.707106,-1.70711,-1.70711,0.707106,-0.707106,1.70711,-0.707106,-0.707106,1.70711,-0.707106,0.707106,1.70711,0.707106,-0.707106,0.707106,1.70711,-0.707106,0.707106,0.707106,-1.70711,-0.707106,-1.70711,-0.707106,-0.707106,1.70711,0.707106,0.707106,-0.707106,-1.70711,-0.707106,-0.707106,1.70711,0.707106,-1.70711,-0.707106,-1.70711,-0.707106,-0.707106,-0.707106,-0.707106,-1.70711],"faces":[[0,1,2],[5,20,3,4],[8,20,6,7],[2,18,3,0],[9,10,11],[7,21,12,13],[2,1,14,15],[12,19,16,14],[17,21,7,6],[2,15,9,18],[19,23,10,16],[1,13,12,14],[3,20,8,0],[4,18,9,11],[0,8,13,1],[14,16,15],[4,3,18],[5,22,17,6],[5,6,20],[7,13,8],[9,15,16,10],[12,21,19],[17,23,19,21],[11,22,5,4],[23,22,11,10],[23,17,22]]}