{"vertices":[0.543689,0.160713,0.295598,0.295598,0.543689,0.160713,0.160713,0.295598,0.543689,-0.543689,0.295598,0.160713,-0.543689,-0.295598,-0.160713,-0.543689,-0.160713,0.295598,0.543689,-0.160713,-0.295598,0.295598,0.160713,-0.543689,0.543689,0.295598,-0.160713,0.295598,-0.160713,0.543689,-0.160713,-0.543689,-0.295598,0.160713,-0.543689,0.295598,-0.295598,-0.543689,0.160713,-0.543689,0.160713,-0.295598,-0.295598,0.543689,-0.160713,-0.160713,0.295598,-0.543689,-0.160713,0.543689,0.295598,-0.295598,0.160713,0.543689,0.543689,-0.295598,0.160713,-0.160713,-0.295598,0.543689,0.160713,0.543689,-0.295598,-0.295598,-0.160713,-0.543689,0.160713,-0.295598,-0.543689,0.295598,-0.543689,-0.160713],"faces":[[0,1,2],[3,13,4,5],[6,7,8],[0,2,9],[10,23,11,12],[13,14,15],[2,16,17],[14,3,16],[0,9,18],[9,11,18],[11,19,12],[20,14,16,1],[16,3,17],[10,21,22],[0,18,6,8],[7,20,8],[7,6,22],[21,15,7,22],[2,1,16],[11,9,19],[2,17,19,9],[6,18,23],[18,11,23],[20,1,8],[1,0,8],[21,4,13],[21,10,4],[12,19,5],[6,23,22],[23,10,22],[4,12,5],[4,10,12],[3,14,13],[21,13,15],[19,17,5],[17,3,5],[14,20,15],[20,7,15]]}