{"vertices":[0.471405,0,0.333333,0.235702,0.408249,-0.333333,-0.235703,0.408249,0.333334,-0.235703,-0.408249,0.333334,-0.471405,0,-0.333333,0.235702,-0.408249,-0.333333],"faces":[[0,1,2],[0,2,3],[4,2,1],[2,4,3],[4,1,5],[1,0,5],[4,5,3],[5,0,3]]}