{"vertices":[0.785676,-0.272169,0.222224,0.471406,-0.272169,0.666668,-0.157133,-0.8165,0.222224,0.471404,-0.272166,-0.666671,0.628541,-0.544335,-0.222221,-6.54168e-07,-0.544331,-0.666671,-0.471409,0.272166,0.666668,1.91607e-06,0.544335,0.666668,-0.628544,0.544332,0.222224,1.62865e-06,-0.544335,0.666668,0.471407,0.272169,0.666668,-0.471409,-0.272166,0.666668,-0.157133,0.8165,0.222224,-0.471405,0.272166,-0.666671,1.12009e-07,0.544331,-0.666671,-0.785679,0.272166,-0.222221,-0.628544,-0.544331,0.222224,0.471405,0.272166,-0.666671,0.157136,-0.816501,-0.222221,0.785676,0.272169,0.222224,0.628542,0.544334,-0.222221,-0.785679,-0.272165,-0.222221,-0.471405,-0.272165,-0.666671,0.157137,0.8165,-0.222221],"faces":[[2,18,4,0,1,9],[4,18,5,3],[7,12,8,6],[10,7,6,11,9,1],[12,23,14,13,15,8],[5,22,13,14,17,3],[2,9,11,16],[17,20,19,0,4,3],[16,11,6,8,15,21],[0,19,10,1],[21,15,13,22],[7,10,19,20,23,12],[22,5,18,2,16,21],[17,14,23,20]]}