{"vertices":[-3.33333e-07,0,-0.333333,0.157135,-0.272166,0.111111,-0.31427,0,0.111111,0.157135,0.272166,0.111111],"faces":[[3,2,1],[0,3,1],[0,2,3],[0,1,2]]}