{"vertices":[0.381374,0.155937,0.0786898,0.055642,0.408248,-0.0786891,0.0343882,0.252312,0.333333,0.201314,-0.155937,0.333333,-0.0343885,-0.252311,-0.333333,-0.381375,-0.155937,-0.0786892,-0.201314,0.155937,-0.333333,-0.325733,0.252311,0.0786899,-0.235703,-0.0963745,0.333333,-0.0556418,-0.408248,0.0786899,0.325732,-0.252312,-0.0786892,0.235702,0.0963746,-0.333333],"faces":[[0,1,2],[0,2,3],[4,5,6],[2,7,8],[9,4,10],[3,9,10],[7,5,8],[2,1,7],[5,4,9],[5,9,8],[5,7,6],[7,1,6],[0,3,10],[4,6,11],[9,3,8],[3,2,8],[6,1,11],[1,0,11],[4,11,10],[11,0,10]]}