{"vertices":[0.31427,0,0.555556,0.628539,0,0.111111,-0.157135,0.272166,0.555555,-0.31427,0.544331,0.111111,-0.31427,-0.544331,0.111111,0.471404,-0.272166,-0.333333,0.471405,0.272166,-0.333333,1.77451e-07,0.544331,-0.333333,-5.88726e-07,-0.544331,-0.333333,-0.471405,0.272166,-0.333333,-0.157135,-0.272166,0.555555,-0.471405,-0.272165,-0.333333],"faces":[[1,0,10,4,8,5],[7,3,2,0,1,6],[8,11,9,7,6,5],[2,3,9,11,4,10],[6,1,5],[0,2,10],[8,4,11],[3,7,9]]}