{"vertices":[-2.22222e-07,0.181444,0.111111,-0.157135,0.0907219,0.111111,-2.22222e-07,-0.181444,0.111111,0.052378,-0.0907218,-0.185185,0.104756,-0.181444,-0.0370368,-0.104757,0,-0.185185,0.052378,0.0907219,-0.185185,-0.157135,-0.0907219,0.111111,0.157135,-0.0907219,0.111111,0.104756,0.181444,-0.0370367,-0.209514,0,-0.0370366,0.157135,0.0907218,0.111111],"faces":[[8,11,0,1,7,2],[4,2,7,10,5,3],[6,3,5],[1,0,9,6,5,10],[3,6,9,11,8,4],[2,4,8],[7,1,10],[9,0,11]]}